gpu,workload,complete_blocks,requests,output_tokens,elapsed_sum_seconds,requests_per_second,output_tokens_per_second,logical_input_tokens_per_second,uncached_input_tokens_per_second,ttft_pooled_p50_ms,ttft_pooled_p95_ms,ttft_pooled_p99_ms,tpot_pooled_p50_ms,tpot_pooled_p95_ms,tpot_pooled_p99_ms,client_itl_pooled_p99_ms,co_delivered_zero_intervals,strict_goodput_ttft2s_tpot50ms
RTX4090,guarded_prefix,4,24,768,0.8911873772740364,26.93036348137155,861.7716314038896,232032.01175549728,4524.30106487042,57.12977424263954,59.21751540154219,59.32307530194521,5.243164156713793,6.089366960429376,6.095651735461527,10.003331489861013,0,26.93036348137155
RTX4090,balanced_prefix,4,24,768,0.873330619186163,27.48100143604842,879.3920459535494,236776.3083729932,4616.808241256134,51.93864926695824,54.15842905640602,54.26319371908903,5.255652471415458,5.90309878030131,5.931101711767336,11.442119218409067,0,27.48100143604842
RTX4090,short_prefill,4,24,768,0.910876777023077,26.348240075278547,843.1436824089135,11804.01155372479,11804.01155372479,59.98510122299194,74.30834826081991,74.58690494298935,5.380269740858386,6.605051566035517,6.611783461224649,31.074259616434592,0,26.348240075278547
RTX4090,decode,4,32,4096,2.595594108104706,12.328584003207764,1578.0587524105938,1578.0587524105938,1578.0587524105938,36.2405925989151,36.92315258085728,36.98510032147169,4.814742881012713,4.922873746809058,4.925436753280989,6.078976131975651,0,12.328584003207764
RTX4090,mixed,4,24,1536,1.578486267477274,15.204440161748533,973.0841703519061,68318.61779345674,4095.062550230938,63.50739672780037,66.51860661804676,66.7289936542511,5.225688869517947,5.743947022017978,5.750161917318427,8.671235889196396,0,15.204440161748533
RTX5090,guarded_prefix,4,24,768,0.5876911655068398,40.837775703675575,1306.8088225176184,351858.27546286874,6860.746318217496,36.155685782432556,37.97728680074215,38.25919799506664,3.4757126723566363,4.154274913091814,4.202574401372863,8.83115418255352,0,40.837775703675575
RTX5090,balanced_prefix,4,24,768,0.5716843120753765,41.98121147119322,1343.398767078183,361710.11803580076,7052.84352716046,32.277585938572884,33.58283918350935,34.03595581650734,3.48797362417944,4.015404400565933,4.099521956616833,6.6976720094680795,0,41.98121147119322
RTX5090,short_prefill,4,24,768,0.6147384755313396,39.04099215403099,1249.3117489289916,17490.36448500588,17490.36448500588,38.63263316452503,51.93110965192318,52.502761855721474,3.7003780204442243,4.564039156802239,4.567764766754642,25.529096424579624,0,39.04099215403099
RTX5090,decode,4,32,4096,1.7269133441150188,18.53017124979068,2371.861919973207,2371.861919973207,2371.861919973207,24.486884474754333,25.26935078203678,26.198236122727394,3.2049484081624997,3.3030616280835443,3.3064792821491795,4.67501413077116,0,18.53017124979068
RTX5090,mixed,4,24,1536,1.0333635173738003,23.225128037221427,1486.4081943821714,104358.24198058162,6255.301151358304,39.47307914495468,43.89478042721748,43.96617319434881,3.486705411757742,3.857660654281813,3.8613041437097957,7.8707196936013935,0,23.225128037221427
